zip_code,type,primary_city,state,county,estimated_population,population_density,public_transit_pct,median_income,education_pct,median_home_value,density_score,transit_score,income_score,education_score,housing_score,composite_score,score_category
90001,STANDARD,Los Angeles,CA,Los Angeles County,36200,6639.2,7.751766784452297,60751.0,7.0,513300.0,66.77841938292485,15.32735705107613,14.998710682391078,8.235294117647058,87.4118062088429,35.61,Fair (30-50)
90002,STANDARD,Los Angeles,CA,Los Angeles County,30920,6803.9,7.937103966205116,56158.0,8.1,502600.0,65.95428479929546,15.693819205905568,12.581634854728113,9.529411764705882,88.04092191909689,35.38,Fair (30-50)
90003,STANDARD,Los Angeles,CA,Los Angeles County,41878,7637.1,12.241416854177253,54781.0,7.1,547600.0,61.785074507370666,24.20461968894138,11.856985733305967,8.352941176470589,85.39510818438382,35.03,Fair (30-50)
90004,STANDARD,Los Angeles,CA,Los Angeles County,41632,7447.2,14.054088695206357,62655.0,40.0,1457200.0,62.73530618576304,27.788766283703474,16.00069465275256,47.05882352941176,31.91439322671684,35.73,Fair (30-50)
90005,STANDARD,Los Angeles,CA,Los Angeles County,22281,12680.0,20.167348103071216,52755.0,38.0,1084400.0,36.55114438117349,39.87634738561808,10.790799008541072,44.70588235294118,53.83349012229539,36.1,Fair (30-50)
90006,STANDARD,Los Angeles,CA,Los Angeles County,34995,11020.2,23.312168914603447,49847.0,22.1,841900.0,44.85653953544229,46.09451580842045,9.260457944564605,26.0,68.0914863593603,36.08,Fair (30-50)
90007,STANDARD,Los Angeles,CA,Los Angeles County,20179,6236.6,13.960301327274902,36032.0,28.6,852900.0,68.79297058735226,27.603323078929915,1.9902853865058439,33.64705882352941,67.44473189087489,36.86,Fair (30-50)
90008,STANDARD,Los Angeles,CA,Los Angeles County,21174,4462.8,8.506977633339705,61822.0,33.2,1003000.0,77.66880497983448,16.820614865921687,15.562326665719414,39.05882352941177,58.619473189087486,39.55,Fair (30-50)
90010,STANDARD,Los Angeles,CA,Los Angeles County,3294,4427.9,16.929698708751793,100901.0,60.6,863500.0,77.84343944837525,33.47463153775922,36.127731906137676,71.29411764705883,66.82149576669802,56.92,Good (50-70)
90011,STANDARD,Los Angeles,CA,Los Angeles County,63123,9252.8,13.279225989866337,53781.0,6.2,575200.0,53.70034926893708,26.256651389053886,11.33073364803208,7.294117647058823,83.77234242709314,33.4,Fair (30-50)
90012,STANDARD,Los Angeles,CA,Los Angeles County,13839,3976.0,7.995448284122897,67635.0,39.5,686400.0,80.10468060406512,15.809181834515726,18.621430037416523,46.470588235294116,77.23424270931326,46.11,Fair (30-50)
90013,STANDARD,Los Angeles,CA,Los Angeles County,3973,8151.7,13.611399732818763,32848.0,38.5,786600.0,59.21009177066341,26.91344947170982,0.314698746993785,45.294117647058826,71.34289746001882,38.59,Fair (30-50)
90014,STANDARD,Los Angeles,CA,Los Angeles County,3272,12303.5,10.124973522558781,33822.0,43.2,644700.0,38.43509502316783,20.01983401051395,0.8272682780505518,50.82352941176471,79.68603010348072,37.62,Fair (30-50)
90015,STANDARD,Los Angeles,CA,Los Angeles County,10390,5759.2,11.383275012497322,63211.0,47.8,1000800.0,71.18180999369514,22.507839229256067,16.293290812164845,56.23529411764705,58.74882408278457,43.94,Fair (30-50)
90016,STANDARD,Los Angeles,CA,Los Angeles County,34391,4948.6,9.071019858633457,71067.0,31.9,919800.0,75.2379332085706,17.935880175025243,20.427527194076507,37.529411764705884,63.51128880526811,41.17,Fair (30-50)
90017,STANDARD,Los Angeles,CA,Los Angeles County,11309,15827.1,21.429032050041915,51317.0,36.2,675500.0,20.803518709406234,42.371040644401056,10.03404850991722,42.58823529411765,77.87511759172155,38.21,Fair (30-50)
90018,STANDARD,Los Angeles,CA,Los Angeles County,33029,6280.5,10.015549254550443,63671.0,24.4,886800.0,68.57330144211042,19.803472389679282,16.53536677139083,28.705882352941174,65.45155221072437,37.66,Fair (30-50)
90019,STANDARD,Los Angeles,CA,Los Angeles County,43752,5914.0,10.568728237439894,71395.0,39.1,1178100.0,70.40721355443691,20.897258105847058,20.600137878046343,46.0,48.32431796801505,40.01,Fair (30-50)
90020,STANDARD,Los Angeles,CA,Los Angeles County,25029,13320.6,17.010334287516375,55832.0,46.0,826500.0,33.3456761706514,33.63407006849828,12.410076674928824,54.11764705882353,68.99694261523989,40.48,Fair (30-50)
90021,STANDARD,Los Angeles,CA,Los Angeles County,1621,615.6,18.91472868217054,32250.0,20.2,1075800.0,96.9196281136475,37.39957716701902,0.0,23.764705882352942,54.33913452492944,36.96,Fair (30-50)
90022,STANDARD,Los Angeles,CA,Los Angeles County,46198,5381.4,6.363027461486939,67829.0,9.6,603500.0,73.0722656445463,12.581440662485537,18.723522941959658,11.294117647058822,82.10841956726246,36.77,Fair (30-50)
90023,STANDARD,Los Angeles,CA,Los Angeles County,30786,3989.3,9.601981452681297,56623.0,10.2,617600.0,80.0381293596069,18.98573605416529,12.82634207438047,12.0,81.2793979303857,37.32,Fair (30-50)
90024,STANDARD,Los Angeles,CA,Los Angeles County,22009,6599.3,2.271425844626837,79994.0,74.1,1434000.0,66.97807311629956,4.491228374603064,25.125379559316503,87.17647058823529,33.27845719661336,45.45,Fair (30-50)
90025,STANDARD,Los Angeles,CA,Los Angeles County,34463,6847.2,5.101492857909999,104627.0,69.6,1081400.0,65.73761796583369,10.087042696322044,38.088547175868186,81.88235294117646,54.00987770460959,52.17,Good (50-70)
90026,STANDARD,Los Angeles,CA,Los Angeles County,46916,6026.8,9.94093391284966,85835.0,47.4,1143400.0,69.84277893978363,19.655937509498187,28.199217989401284,55.76470588235294,50.36453433678269,44.49,Fair (30-50)
90027,STANDARD,Los Angeles,CA,Los Angeles County,33916,2188.3,6.6153098238659735,90532.0,58.2,1747200.0,89.05006855278565,13.080271697189536,30.67102403393274,68.47058823529412,14.863593603010344,43.08,Fair (30-50)
90028,STANDARD,Los Angeles,CA,Los Angeles County,18687,8036.3,12.059892583952694,59393.0,49.0,970800.0,59.78753640303033,23.84569670008828,14.28406035058914,57.647058823529406,60.51269990592662,42.63,Fair (30-50)
90029,STANDARD,Los Angeles,CA,Los Angeles County,26270,9491.8,18.735214355778663,60793.0,36.3,1066200.0,52.5044284098756,37.04462838528963,15.020813269972583,42.705882352941174,54.9035747883349,38.84,Fair (30-50)
90031,STANDARD,Los Angeles,CA,Los Angeles County,26797,4069.0,10.295552367288378,62119.0,24.2,758500.0,79.63932227815417,20.35711490804747,15.718623535045758,28.470588235294116,72.9950611476952,40.65,Fair (30-50)
90032,STANDARD,Los Angeles,CA,Los Angeles County,32538,3506.2,4.954554435882237,81563.0,24.8,780100.0,82.45549072786045,9.796505361858058,25.951069081111232,29.176470588235293,71.72507055503293,41.96,Fair (30-50)
90033,STANDARD,Los Angeles,CA,Los Angeles County,28923,5485.0,8.332885328745766,56001.0,14.0,669500.0,72.55386647718743,16.476386900020035,12.499013277340111,16.470588235294116,78.22789275634995,36.24,Fair (30-50)
90034,STANDARD,Los Angeles,CA,Los Angeles County,42620,6862.6,6.460334809871713,103082.0,64.3,1395000.0,65.6605586301452,12.773843828609976,37.275487704120025,75.6470588235294,35.57149576669802,47.11,Fair (30-50)
90035,STANDARD,Los Angeles,CA,Los Angeles County,20647,4725.0,2.043261231281198,108224.0,68.0,1844000.0,76.3567947319436,4.040084707306005,39.98147592659836,80.0,9.17215428033866,43.89,Fair (30-50)
90036,STANDARD,Los Angeles,CA,Los Angeles County,26227,6097.8,1.9634072667644775,102877.0,68.3,1958600.0,69.48750537914194,3.882191641102489,37.167606026638886,80.35294117647058,2.434148635936026,40.87,Fair (30-50)
90037,STANDARD,Los Angeles,CA,Los Angeles County,37811,9078.3,12.573680487722724,56417.0,9.1,632600.0,54.57352161164096,24.86159550981538,12.71793414481405,10.705882352941176,80.39746001881468,33.85,Fair (30-50)
90038,STANDARD,Los Angeles,CA,Los Angeles County,18877,6936.1,13.131666375240428,61566.0,40.9,1089200.0,65.29277543708656,25.964885787407205,15.427606131889299,48.11764705882353,53.551269990592665,40.29,Fair (30-50)
90039,STANDARD,Los Angeles,CA,Los Angeles County,22944,3030.9,2.587651256593236,105578.0,56.6,1202000.0,84.83382204297308,5.116492257354807,38.589012908963646,66.58823529411765,46.91909689557855,49.17,Fair (30-50)
90040,STANDARD,Los Angeles,CA,Los Angeles County,9350,810.1,4.124728636273929,70909.0,11.7,576900.0,95.94637871160793,8.155713439905266,20.34437936460323,13.76470588235294,83.67238946378174,40.88,Fair (30-50)
90041,STANDARD,Los Angeles,CA,Los Angeles County,20920,2938.4,2.6989056492162082,111834.0,51.6,1135200.0,85.29667844240065,5.336472533677502,41.8812459544371,60.705882352941174,50.84666039510818,49.41,Fair (30-50)
90042,STANDARD,Los Angeles,CA,Los Angeles County,43949,4984.6,5.823155837811432,94401.0,40.4,940600.0,75.05779450176635,11.51396722476351,32.70709335185741,47.529411764705884,62.28833490122295,45.5,Fair (30-50)
90043,STANDARD,Los Angeles,CA,Los Angeles County,32064,4099.0,6.488737874719132,65496.0,30.8,867800.0,79.48920668915065,12.830004434103737,17.49577682701568,36.23529411764706,66.568673565381,40.59,Fair (30-50)
90044,STANDARD,Los Angeles,CA,Los Angeles County,56462,7254.1,8.6194202819513,51433.0,11.1,588200.0,63.701550193649105,17.042944648403704,10.09509375180899,13.058823529411764,83.0079962370649,34.5,Fair (30-50)
90045,STANDARD,Los Angeles,CA,Los Angeles County,29336,1519.8,0.7955413726459616,132577.0,64.0,1322700.0,92.39514426108103,1.573002259549969,52.797292959273356,75.29411764705883,39.822436500470374,54.08,Good (50-70)
90046,STANDARD,Los Angeles,CA,Los Angeles County,34474,3332.7,3.6191874381642357,94259.0,63.4,1411500.0,83.32365921759755,7.156120616370193,32.632365555748514,74.58823529411764,34.601364063969896,47.3,Fair (30-50)
90047,STANDARD,Los Angeles,CA,Los Angeles County,36265,4177.5,5.768961493582263,70187.0,20.8,648200.0,79.09640423125806,11.406810225946746,19.964425359035484,24.47058823529412,79.48024459078081,40.58,Fair (30-50)
90048,STANDARD,Los Angeles,CA,Los Angeles County,17194,4240.1,0.7399745385105029,104227.0,69.2,1847500.0,78.78316303553736,1.4631314738730397,37.87804634175863,81.41176470588236,8.966368767638755,43.65,Fair (30-50)
90049,STANDARD,Los Angeles,CA,Los Angeles County,29275,947.3,1.7382307294361097,169898.0,80.8,2000000.0,95.25985008456512,3.436956215021398,72.43754703378012,95.05882352941177,0.0,56.68,Good (50-70)
90056,STANDARD,Los Angeles,CA,Los Angeles County,7060,1523.5,0.4934210526315789,127252.0,52.3,1510300.0,92.37663000510393,0.9756279904306218,49.9950006051899,61.52941176470588,28.792333019755418,47.64,Fair (30-50)
90057,STANDARD,Los Angeles,CA,Los Angeles County,21531,19984.6,32.84920779457294,44876.0,23.2,694500.0,0.0,64.95184268472376,6.644458828668108,27.294117647058826,76.7579962370649,33.58,Fair (30-50)
90058,STANDARD,Los Angeles,CA,Los Angeles County,2407,227.5,11.242973141786383,36680.0,22.3,456500.0,98.86162345005654,22.23042416671398,2.3312967377633234,26.23529411764706,90.75141110065852,43.46,Fair (30-50)
90059,STANDARD,Los Angeles,CA,Los Angeles County,25507,4642.4,5.512783265543289,53840.0,11.8,566200.0,76.77011298699999,10.90027600232423,11.361782521063239,13.882352941176471,84.30150517403575,36.32,Fair (30-50)
90061,STANDARD,Los Angeles,CA,Los Angeles County,18477,4052.2,7.212157637159784,60114.0,12.3,576400.0,79.72338700799617,14.260402600747751,14.663488104071613,14.470588235294118,83.70178739416745,38.12,Fair (30-50)
90062,STANDARD,Los Angeles,CA,Los Angeles County,22057,6496.9,8.057963163596966,63652.0,16.5,672700.0,67.49046766009828,15.932790800748545,16.52536798177063,19.411764705882355,78.03974600188147,37.11,Fair (30-50)
90063,STANDARD,Los Angeles,CA,Los Angeles County,35693,5940.1,6.545942901702552,71725.0,12.8,619100.0,70.27661299200383,12.943114373820952,20.773801066186724,15.058823529411766,81.1912041392286,37.68,Fair (30-50)
90064,STANDARD,Los Angeles,CA,Los Angeles County,22483,2746.5,3.0938610549787473,129703.0,70.6,1746800.0,86.25691782672658,6.117407085980704,51.2848444661962,83.05882352941177,14.887111947318914,50.42,Good (50-70)
90065,STANDARD,Los Angeles,CA,Los Angeles County,34536,3169.9,5.286440084092502,92903.0,40.3,1043900.0,84.13828648059005,10.452733802637445,31.91876772811712,47.41176470588235,56.21472248353716,45.26,Fair (30-50)
90066,STANDARD,Los Angeles,CA,Los Angeles County,43203,4414.3,2.8532564692165687,107786.0,61.4,1636600.0,77.91149184872351,5.641666200496396,39.7509775132484,72.23529411764706,21.366415804327374,44.8,Fair (30-50)
90067,STANDARD,Los Angeles,CA,Los Angeles County,5575,2840.8,1.8037518037518037,135328.0,67.3,1585900.0,85.7850544919588,3.566509248327429,54.24501244586182,79.17647058823529,24.34736594543743,51.63,Good (50-70)
90068,STANDARD,Los Angeles,CA,Los Angeles County,15853,1040.5,2.869070208728653,101720.0,64.2,1840200.0,94.79349098806081,5.672934276349836,36.55873236397699,75.52941176470588,9.395578551269992,44.97,Fair (30-50)
90069,STANDARD,West Hollywood,CA,Los Angeles County,17126,3645.7,2.1671099984352997,110705.0,71.7,1085900.0,81.75745323899403,4.28496749690616,41.28710735016288,84.35294117647058,53.745296331138285,55.07,Good (50-70)
90071,STANDARD,Los Angeles,CA,Los Angeles County,964,870.8,50.57471264367817,92815.0,0.0,801300.0,95.64264483652413,100.0,31.87245754461302,0.0,70.4785983066792,51.41,Good (50-70)
90077,STANDARD,Los Angeles,CA,Los Angeles County,7412,433.8,0.9073412152873247,220464.0,76.9,2000000.0,97.82932858300892,1.794061039318119,99.04800997773954,90.47058823529413,0.0,62.32,Good (50-70)
90094,STANDARD,Playa Vista,CA,Los Angeles County,3903,6553.2,0.0,159904.0,85.0,1234400.0,67.20875073806832,0.0,67.17818369355288,100.0,45.01411100658513,60.88,Good (50-70)
90201,STANDARD,Bell Gardens,CA,Los Angeles County,67468,6047.1,4.43353532254353,56824.0,7.4,542800.0,69.7412007245579,8.766308478665614,12.93211874352052,8.705882352941178,85.67732831608654,34.32,Fair (30-50)
90210,STANDARD,Beverly Hills,CA,Los Angeles County,16984,706.3,0.35562693587243316,190382.0,68.4,2000000.0,96.46577864956016,0.7031714413841291,83.21729474853045,80.47058823529413,0.0,55.5,Good (50-70)
90211,STANDARD,Beverly Hills,CA,Los Angeles County,8596,4891.9,1.3333333333333335,118125.0,66.5,2000000.0,75.52165167178728,2.6363636363636362,45.19189782289512,78.23529411764706,0.0,42.58,Fair (30-50)
90212,STANDARD,Beverly Hills,CA,Los Angeles County,12548,4418.7,3.867693384669234,116238.0,74.4,2000000.0,77.88947489566966,7.6474846469596205,44.198860137983296,87.52941176470588,0.0,45.76,Fair (30-50)
90220,STANDARD,Compton,CA,Los Angeles County,34287,2743.7,2.8736953423145892,77535.0,13.3,514600.0,86.27092861503357,5.682079426849301,23.831325681628012,15.647058823529413,87.33537158984008,41.13,Fair (30-50)
90221,STANDARD,Compton,CA,Los Angeles County,36005,3643.2,3.6066022250592744,68191.0,7.8,541800.0,81.76996287141098,7.131236217730836,18.914026196828804,9.176470588235293,85.73612417685796,37.51,Fair (30-50)
90222,STANDARD,Compton,CA,Los Angeles County,20801,4589.6,4.1118188251946215,76467.0,12.0,552000.0,77.0343164236462,8.13018722254391,23.2692884545555,14.117647058823529,85.13640639698966,39.15,Fair (30-50)
90230,STANDARD,Culver City,CA,Los Angeles County,25528,2684.9,1.9622454048683557,106827.0,58.5,1025200.0,86.5651551694805,3.8798943232624303,39.24630176347074,68.82352941176471,57.31420507996237,52.05,Good (50-70)
90232,STANDARD,Culver City,CA,Los Angeles County,13073,3000.2,2.900924084688268,125490.0,63.8,1491800.0,84.98744032905337,5.735918076542711,49.06774443093731,75.05882352941177,29.880056444026337,50.62,Good (50-70)
90240,STANDARD,Downey,CA,Los Angeles County,19687,3249.4,2.3164537478836387,108860.0,29.5,764200.0,83.74048016973069,4.580260819679012,40.31617225283255,34.705882352941174,72.65992474129821,46.54,Fair (30-50)
90241,STANDARD,Downey,CA,Los Angeles County,32425,3601.6,3.331801470588235,84375.0,24.6,770100.0,81.97812315482922,6.587880180481282,27.430889944901406,28.941176470588236,72.31302916274694,41.84,Fair (30-50)
90242,STANDARD,Downey,CA,Los Angeles County,31123,3503.8,2.7582339145508312,83238.0,24.2,676100.0,82.46749997498074,5.453780694680052,26.832541323944998,28.470588235294116,77.8398400752587,42.58,Fair (30-50)
90245,STANDARD,El Segundo,CA,Los Angeles County,15421,1217.5,0.5253399258343634,149149.0,62.5,1521600.0,93.90780901293996,1.038740307899764,61.51834251643222,73.52941176470588,28.127939793038564,53.63,Good (50-70)
90247,STANDARD,Gardena,CA,Los Angeles County,35920,4861.9,2.2215563735981507,73851.0,26.8,640500.0,75.6717672607908,4.392622829614525,21.89261299947901,31.529411764705884,79.9329727187206,41.35,Fair (30-50)
90248,STANDARD,Gardena,CA,Los Angeles County,8825,905.3,3.4072174390914087,81777.0,33.3,646900.0,95.47001190917005,6.736998118203466,26.063687027359844,39.17647058823529,79.55667920978362,47.55,Fair (30-50)
90249,STANDARD,Gardena,CA,Los Angeles County,21361,3373.8,4.311876980140638,84921.0,25.7,709900.0,83.1180008606627,8.52575675618717,27.71822358346095,30.23529411764706,75.85253998118532,43.41,Fair (30-50)
90250,STANDARD,Hawthorne,CA,Los Angeles County,68109,5419.0,3.6779983201449977,74923.0,25.9,827600.0,72.8841207729952,7.272405769377609,22.45675523489262,30.470588235294116,68.93226716839135,39.04,Fair (30-50)
90254,STANDARD,Hermosa Beach,CA,Los Angeles County,16137,5199.1,0.8549499659963081,152019.0,76.5,2000000.0,73.9844680403911,1.6904692509472452,63.028686001168275,90.0,0.0,49.61,Fair (30-50)
90255,STANDARD,Huntington Park,CA,Los Angeles County,54716,7290.6,6.16405268751409,61376.0,8.8,562600.0,63.51890956036147,12.188013268493766,15.32761823568726,10.35294117647059,84.5131702728128,34.68,Fair (30-50)
90260,STANDARD,Lawndale,CA,Los Angeles County,25618,5060.4,1.6882249347179208,86736.0,23.2,745700.0,74.6785024468841,3.338081120919525,28.673371118233053,27.294117647058826,73.74764816556915,40.44,Fair (30-50)
90262,STANDARD,Lynwood,CA,Los Angeles County,47895,5252.3,4.992851644121852,70507.0,10.4,569400.0,73.71826306255817,9.872229387240933,20.13282602632313,12.23529411764706,84.11335841956726,37.45,Fair (30-50)
90265,STANDARD,Malibu,CA,Los Angeles County,12992,55.4,0.3731343283582089,191080.0,71.4,2000000.0,99.72278654564015,0.737788331071913,83.58461870405162,84.00000000000001,0.0,56.97,Good (50-70)
90266,STANDARD,Manhattan Beach,CA,Los Angeles County,30505,3298.4,0.6466897169932129,193904.0,79.0,2000000.0,83.49529137435826,1.278681940418398,85.07075459286507,92.94117647058823,0.0,57.22,Good (50-70)
90270,STANDARD,Maywood,CA,Los Angeles County,19023,7961.7,4.107292539815591,61753.0,8.3,595000.0,60.16082383435245,8.121237521908098,15.526015271835513,9.764705882352942,82.60818438381938,33.09,Fair (30-50)
90272,STANDARD,Pacific Palisades,CA,Los Angeles County,19526,347.6,0.0,200985.0,78.9,2000000.0,98.26066070874573,0.0,88.79714560868948,92.82352941176471,0.0,60.14,Good (50-70)
90274,STANDARD,Palos Verdes Peninsula,CA,Los Angeles County,24008,805.8,0.04987033712347895,222273.0,75.6,2000000.0,95.96789527936511,0.09860725749415153,100.0,88.94117647058822,0.0,61.65,Good (50-70)
90275,STANDARD,Rancho Palos Verdes,CA,Los Angeles County,35895,1180.3,1.5133206743771217,175212.0,69.2,1543300.0,94.09395234330434,2.9922476970638536,75.23405061492556,81.41176470588236,26.852069614299154,59.09,Good (50-70)
90277,STANDARD,Redondo Beach,CA,Los Angeles County,30038,3817.8,0.6978519245447606,131985.0,69.8,1403800.0,80.89629014341043,1.37984357807714,52.48575172479121,82.11764705882352,35.05409219190969,53.0,Good (50-70)
90278,STANDARD,Redondo Beach,CA,Los Angeles County,33427,4473.8,0.5938619157713405,148581.0,62.5,1195700.0,77.61376259719984,1.174226969820605,61.21943133199665,73.52941176470588,47.28951081843839,54.96,Good (50-70)
90280,STANDARD,South Gate,CA,Los Angeles County,70212,4798.8,4.07346197714206,71379.0,11.5,608500.0,75.9875103829949,8.054345272985435,20.59171784468196,13.529411764705882,81.81444026340546,37.5,Fair (30-50)
90290,STANDARD,Topanga,CA,Los Angeles County,5072,122.6,0.0,142148.0,65.5,1414900.0,99.38652762627223,0.0,57.83405166742973,77.05882352941177,34.401458137347134,55.51,Good (50-70)
90291,STANDARD,Venice,CA,Los Angeles County,20638,4033.7,2.430733709594664,119043.0,71.8,2000000.0,79.81595828788167,4.806223471243993,45.67499723717655,84.47058823529412,0.0,45.23,Fair (30-50)
90292,STANDARD,Marina Del Rey,CA,Los Angeles County,16888,4362.8,0.9050978304272594,136964.0,72.9,1233700.0,78.16919027651291,1.7896252556175354,55.105960857369894,85.76470588235294,45.055268109125116,56.22,Good (50-70)
90293,STANDARD,Playa Del Rey,CA,Los Angeles County,9536,1801.0,0.8327825512227364,130699.0,72.2,971800.0,90.98806080682125,1.6466382262813193,51.80899154312899,84.94117647058825,60.45390404515522,60.17,Good (50-70)
90301,STANDARD,Inglewood,CA,Los Angeles County,25753,5668.4,5.785220070934357,62991.0,19.6,698300.0,71.63615984307917,11.438957867529295,16.177515353404587,23.058823529411768,76.53457196613358,37.58,Fair (30-50)
90302,STANDARD,Inglewood,CA,Los Angeles County,20745,5826.4,5.314263220049862,72461.0,29.8,731300.0,70.84555107432723,10.507747730553135,21.161122600948307,35.05882352941177,74.59430856067733,41.18,Fair (30-50)
90303,STANDARD,Inglewood,CA,Los Angeles County,18370,4609.5,6.3442684766214175,70853.0,17.7,764200.0,76.93473974960719,12.544349033319618,20.314909247827895,20.823529411764703,72.65992474129821,38.24,Fair (30-50)
90304,STANDARD,Inglewood,CA,Los Angeles County,20300,6173.4,5.2976990590653905,63317.0,14.2,696200.0,69.10921409485303,10.474995866788383,16.349073533203875,16.705882352941178,76.65804327375352,35.53,Fair (30-50)
90305,STANDARD,Inglewood,CA,Los Angeles County,12037,2158.5,6.360078277886497,89030.0,36.4,785000.0,89.19918337119582,12.575609322184661,29.880593401851357,42.8235294117647,71.43697083725306,47.73,Fair (30-50)
90401,STANDARD,Santa Monica,CA,Los Angeles County,4953,4055.4,3.5469331765628063,106704.0,75.5,1129700.0,79.70737467850245,7.013254235476457,39.18157275698205,88.8235294117647,51.170037629350894,55.24,Good (50-70)
90402,STANDARD,Santa Monica,CA,Los Angeles County,9702,2113.3,1.8407285409804302,182688.0,79.5,2000000.0,89.42535752529447,3.639622342393123,79.16831120443315,93.52941176470588,0.0,57.13,Good (50-70)
90403,STANDARD,Santa Monica,CA,Los Angeles County,20118,6861.7,2.661409561360276,121512.0,71.5,1553500.0,65.66506209781531,5.262332541780545,46.97431363571778,84.11764705882354,26.252351834430854,48.66,Fair (30-50)
90404,STANDARD,Santa Monica,CA,Los Angeles County,16220,4482.2,3.576248313090418,85081.0,58.6,1159500.0,77.57173023227885,7.071218255428781,27.802423917104775,68.94117647058823,49.41792097836313,46.77,Fair (30-50)
90405,STANDARD,Santa Monica,CA,Los Angeles County,22070,3720.8,2.445445098718393,114489.0,69.8,1940700.0,81.38166388118852,4.83531189973864,43.27844524083927,82.11764705882352,3.4865945437441326,44.98,Fair (30-50)
90501,STANDARD,Torrance,CA,Los Angeles County,33170,2806.2,0.9181178583902999,92815.0,38.7,887300.0,85.95818780460955,1.8153694018171838,31.87245754461302,45.529411764705884,65.42215428033866,45.6,Fair (30-50)
90502,STANDARD,Torrance,CA,Los Angeles County,14193,3123.6,1.882648258550361,98867.0,36.5,655200.0,84.36996487295217,3.722509056679122,35.05733516469059,42.94117647058823,79.068673565381,48.53,Fair (30-50)
90503,STANDARD,Torrance,CA,Los Angeles County,36775,3208.3,1.0081590546750445,119685.0,55.4,1058100.0,83.94613852666554,1.9934054035620195,46.01285107592239,65.17647058823529,55.379821260583256,51.76,Good (50-70)
90504,STANDARD,Torrance,CA,Los Angeles County,27310,2917.1,2.0174721890515994,105474.0,45.3,897100.0,85.40326051059316,3.989092737442935,38.53428269209517,53.294117647058826,64.84595484477893,49.34,Fair (30-50)
90505,STANDARD,Torrance,CA,Los Angeles County,31058,2349.2,1.0499660305107776,110690.0,58.7,1144000.0,88.24494861043003,2.0760691966917646,41.27921356888377,69.05882352941177,50.32925682031985,51.2,Good (50-70)
90601,STANDARD,Whittier,CA,Los Angeles County,24177,1109.7,0.44355118164806984,102267.0,31.1,729000.0,94.44722436275933,0.8770216546223197,36.846592254621804,36.58823529411765,74.72953904045156,47.6,Fair (30-50)
90602,STANDARD,Whittier,CA,Los Angeles County,17609,2657.8,4.997849462365592,67259.0,21.6,729300.0,86.70075958488036,9.882111436950145,18.42355925335354,25.411764705882355,74.71190028222014,40.39,Fair (30-50)
90603,STANDARD,Whittier,CA,Los Angeles County,16292,2485.1,0.5277044854881267,121222.0,32.7,781000.0,87.56492499224403,1.0434156872151594,46.82170053098835,38.47058823529412,71.67215428033866,48.95,Fair (30-50)
90604,STANDARD,Whittier,CA,Los Angeles County,29676,3612.3,0.46575203766516476,101104.0,23.4,684400.0,81.92458192808462,0.9209188017470301,36.23456107944828,27.52941176470588,77.35183443085606,43.84,Fair (30-50)
90605,STANDARD,Whittier,CA,Los Angeles County,30900,2371.4,0.6374769334004362,100825.0,22.9,662000.0,88.13386307456742,1.260465754678135,36.08773674765686,26.941176470588236,78.66886171213547,44.9,Fair (30-50)
90606,STANDARD,Whittier,CA,Los Angeles County,24569,3244.8,1.6639388979814513,94904.0,17.6,623500.0,83.7634978933779,3.2900610028269597,32.97179815075017,20.70588235294118,80.93250235183443,42.66,Fair (30-50)
90638,STANDARD,La Mirada,CA,Los Angeles County,37827,2277.5,1.5337840903934292,110606.0,39.6,765100.0,88.60372486814848,3.0327094514597346,41.23500839372076,46.588235294117645,72.60700846660396,50.22,Good (50-70)
90640,STANDARD,Montebello,CA,Los Angeles County,46577,2858.5,2.8363131400798474,74833.0,22.0,660600.0,85.69648629444671,5.608164617885151,22.40939254721797,25.882352941176475,78.75117591721542,41.52,Fair (30-50)
90650,STANDARD,Norwalk,CA,Los Angeles County,78458,3930.5,1.7554659308002547,98709.0,21.3,616600.0,80.33235591405382,3.4710349086277756,34.974187335217316,25.058823529411768,81.3381937911571,43.85,Fair (30-50)
90660,STANDARD,Pico Rivera,CA,Los Angeles County,48568,3029.9,2.458056964494733,86956.0,15.8,621400.0,84.83882589593988,4.860248997978221,28.789146576993314,18.58823529411765,81.05597365945437,41.51,Fair (30-50)
90670,STANDARD,Santa Fe Springs,CA,Los Angeles County,12163,847.1,1.7121647509578544,87830.0,23.4,624000.0,95.76123615183691,3.3854166666666656,29.249090899522688,27.52941176470588,80.90310442144873,45.25,Fair (30-50)
90701,STANDARD,Artesia,CA,Los Angeles County,12730,3804.0,1.7574952001181512,97712.0,31.8,763700.0,80.96534331435205,3.4750473275063443,34.44951400619925,37.411764705882355,72.68932267168391,45.17,Fair (30-50)
90703,STANDARD,Cerritos,CA,Los Angeles County,44208,2145.2,1.0255709011349652,133300.0,56.9,906500.0,89.26573461565405,2.027833372698681,53.17777321692637,66.94117647058823,64.29327375352776,56.58,Good (50-70)
90706,STANDARD,Bellflower,CA,Los Angeles County,54431,4894.6,2.085757021771647,77602.0,20.1,661100.0,75.50814126877695,4.124110474866664,23.866584571341363,23.647058823529413,78.72177798682972,39.57,Fair (30-50)
90710,STANDARD,Harbor City,CA,Los Angeles County,19537,4428.7,2.0959087860496313,77486.0,32.2,648600.0,77.83943636600182,4.1441832815072255,23.805539329449594,37.88235294117647,79.45672624647224,43.61,Fair (30-50)
90712,STANDARD,Lakewood,CA,Los Angeles County,25989,2808.8,0.7415745216182216,119246.0,36.9,779600.0,85.94517778689591,1.4662950768360288,45.781826410487156,43.41176470588235,71.75446848541863,49.76,Fair (30-50)
90713,STANDARD,Lakewood,CA,Los Angeles County,23966,3182.4,0.826963168867269,129397.0,32.2,808600.0,84.07573831850524,1.6351317202602818,51.123811328102384,37.88235294117647,70.04938852304798,49.12,Fair (30-50)
90715,STANDARD,Lakewood,CA,Los Angeles County,15741,4708.9,1.848675433581094,94796.0,27.7,660900.0,76.43735676470882,3.655335516398981,32.91496292554059,32.588235294117645,78.733537158984,44.14,Fair (30-50)
90716,STANDARD,Hawaiian Gardens,CA,Los Angeles County,10379,5759.7,1.5642822225843247,76235.0,16.8,525100.0,71.17930806721175,3.0930125764735505,23.14719797077196,19.764705882352942,86.71801505174035,39.21,Fair (30-50)
90717,STANDARD,Lomita,CA,Los Angeles County,16628,4109.4,1.5480460638097038,92984.0,37.2,793600.0,79.43716661829609,3.0609092625328227,31.961394147024308,43.76470588235294,70.931326434619,45.49,Fair (30-50)
90723,STANDARD,Paramount,CA,Los Angeles County,38558,4273.2,3.122422042567233,70912.0,13.1,500400.0,78.6175355023368,6.173879947803392,20.345958120859052,15.411764705882353,88.17027281279398,39.29,Fair (30-50)
90731,STANDARD,San Pedro,CA,Los Angeles County,40560,2606.1,4.60178223336118,71936.0,25.4,808800.0,86.95945878326312,9.098978506873241,20.884840256179515,29.88235294117647,70.0376293508937,41.11,Fair (30-50)
90732,STANDARD,San Pedro,CA,Los Angeles County,17285,2494.1,0.7621377493413625,118658.0,48.3,785000.0,87.51989031554297,1.5069541861976938,45.472390184346104,56.8235294117647,71.43697083725306,53.22,Good (50-70)
90744,STANDARD,Wilmington,CA,Los Angeles County,37822,2332.3,2.6870135010334666,61440.0,9.4,596100.0,88.32951372556869,5.312958513407081,15.361298369144787,11.058823529411764,82.54350893697084,37.16,Fair (30-50)
90745,STANDARD,Carson,CA,Los Angeles County,46022,2719.7,1.79265013444876,106457.0,27.6,628400.0,86.3910210862364,3.5445582203873207,39.0515884919194,32.470588235294116,80.64440263405456,47.5,Fair (30-50)
90746,STANDARD,Carson,CA,Los Angeles County,20834,1833.0,1.322314049586777,113545.0,34.6,682000.0,90.82793751188416,2.61457550713749,42.781663272340715,40.70588235294118,77.49294449670742,50.39,Good (50-70)
90755,STANDARD,Signal Hill,CA,Los Angeles County,8468,2070.9,1.8811725975858284,102684.0,38.3,730200.0,89.63752089108614,3.719591272499251,37.06603937418102,45.05882352941176,74.65898400752587,49.47,Fair (30-50)
90802,STANDARD,Long Beach,CA,Los Angeles County,25106,2356.5,3.489028718941594,72152.0,43.8,546700.0,88.2084204837725,6.898761330634515,20.998510706598676,51.52941176470588,85.44802445907808,49.49,Fair (30-50)
90803,STANDARD,Long Beach,CA,Los Angeles County,25619,3021.2,1.7359311845787126,111500.0,61.1,1138300.0,84.8823594167509,3.432409387689727,41.70547775795562,71.88235294117648,50.66439322671684,51.78,Good (50-70)
90804,STANDARD,Long Beach,CA,Los Angeles County,26726,6850.5,7.298239005556079,68940.0,29.9,673600.0,65.7211052510433,14.430608942804064,19.308189008698946,35.17647058823529,77.9868297271872,41.24,Fair (30-50)
90805,STANDARD,Long Beach,CA,Los Angeles County,66158,4924.9,4.1685133779654295,68615.0,17.5,588500.0,75.3565245238834,8.242287815522554,19.137157080984935,20.588235294117645,82.99035747883349,39.07,Fair (30-50)
90806,STANDARD,Long Beach,CA,Los Angeles County,29624,3158.3,5.6886395511921455,73674.0,21.9,699800.0,84.19633117500476,11.247991839857194,21.79946638038553,25.76470588235294,76.44637817497647,41.5,Fair (30-50)
90807,STANDARD,Long Beach,CA,Los Angeles County,26420,2910.1,1.7498379779650033,95079.0,45.2,832200.0,85.43828748136065,3.4599069109762564,33.063892265673104,53.176470588235304,68.6618062088429,48.63,Fair (30-50)
90808,STANDARD,Long Beach,CA,Los Angeles County,33131,2212.7,0.5119364780859844,131959.0,46.3,900100.0,88.92797454039611,1.012238036215469,52.47206917057409,54.470588235294116,64.66956726246472,53.16,Good (50-70)
90810,STANDARD,Long Beach,CA,Los Angeles County,27824,2104.7,4.902565367538234,82222.0,21.2,594200.0,89.46839066080882,9.693708794905142,26.29786920530673,24.941176470588232,82.6552210724365,44.22,Fair (30-50)
90813,STANDARD,Long Beach,CA,Los Angeles County,34994,6480.7,7.689241263232494,50302.0,15.9,543700.0,67.57153007816018,15.2037270432097,9.499902643364225,18.705882352941178,85.62441204139229,36.59,Fair (30-50)
90814,STANDARD,Long Beach,CA,Los Angeles County,13995,5989.9,1.8667103324054364,98070.0,55.9,898700.0,70.02742111425798,3.6909954299834755,34.6379122527273,65.76470588235294,64.75188146754468,49.11,Fair (30-50)
90815,STANDARD,Long Beach,CA,Los Angeles County,31234,2378.9,1.5534556968287736,116567.0,53.5,890500.0,88.09633417731654,3.071605582365984,44.371997074038404,62.94117647058823,65.23400752587018,53.55,Good (50-70)
91001,STANDARD,Altadena,CA,Los Angeles County,28725,1701.6,2.012808783165599,133840.0,52.1,1085000.0,91.48544379171963,3.9798719121683432,53.46194934297427,61.29411764705882,53.79821260583255,53.77,Good (50-70)
91006,STANDARD,Arcadia,CA,Los Angeles County,28021,1928.0,1.6095317725752507,127511.0,55.7,1187600.0,90.35257148003963,3.182483277591973,50.13129989527584,65.52941176470588,47.765757290686736,52.5,Good (50-70)
91007,STANDARD,Arcadia,CA,Los Angeles County,26674,2324.2,2.4792234094559675,101762.0,53.5,1231100.0,88.37004493459963,4.90210083233339,36.580834951558494,62.94117647058823,45.20813734713076,47.91,Fair (30-50)
91008,STANDARD,Duarte,CA,Los Angeles County,879,151.2,4.116222760290557,137500.0,59.3,1704200.0,99.2434174314222,8.138895003301784,55.3880319750767,69.76470588235294,17.391815616180622,50.87,Good (50-70)
91010,STANDARD,Duarte,CA,Los Angeles County,20593,1635.7,1.909969884292281,98189.0,30.9,691600.0,91.81519770223072,3.7765313621233734,34.70053625087489,36.35294117647059,76.92850423330198,47.49,Fair (30-50)
91011,STANDARD,La Canada Flintridge,CA,Los Angeles County,18197,688.9,1.0354159312860336,221451.0,75.5,2000000.0,96.55284569118221,2.047299682315566,99.56742078590486,88.8235294117647,0.0,61.89,Good (50-70)
91016,STANDARD,Monrovia,CA,Los Angeles County,31187,1899.6,2.3016556608287875,99555.0,43.9,874100.0,90.4946809042963,4.5510009657296475,35.419396599359025,51.64705882352941,66.19825964252117,49.26,Fair (30-50)
91020,STANDARD,Montrose,CA,Los Angeles County,5930,3904.1,0.0,60899.0,50.9,880700.0,80.46445763237693,0.0,15.076595991011615,59.882352941176464,65.81020696142991,43.97,Fair (30-50)
91024,STANDARD,Sierra Madre,CA,Los Angeles County,8990,1217.5,4.81128867732064,141094.0,65.4,1172200.0,93.90780901293996,9.513229884702172,57.27938196955106,76.94117647058825,48.671213546566314,58.8,Good (50-70)
91030,STANDARD,South Pasadena,CA,Los Angeles County,20953,2958.8,3.545850301923887,128105.0,72.7,1545100.0,85.19459984187824,7.011113096985866,50.443893633928525,85.52941176470588,26.74623706491063,53.17,Good (50-70)
91040,STANDARD,Sunland,CA,Los Angeles County,16036,994.8,0.6734006734006733,104719.0,31.4,787000.0,95.02216706864286,1.3314967860422402,38.13696236771339,36.94117647058823,71.31937911571025,47.49,Fair (30-50)
91042,STANDARD,Tujunga,CA,Los Angeles County,20436,209.8,2.5826526643329446,81707.0,29.1,801800.0,98.95019164756863,5.106608677203776,26.026849381390676,34.23529411764706,70.4492003762935,44.76,Fair (30-50)
91101,STANDARD,Pasadena,CA,Los Angeles County,13258,6326.5,5.288270377733598,94180.0,62.7,687300.0,68.34312420563833,10.456352792336885,32.590791641011876,73.76470588235294,77.181326434619,53.85,Good (50-70)
91103,STANDARD,Pasadena,CA,Los Angeles County,18714,2095.7,3.6561007381676074,84683.0,37.7,960000.0,89.51342533750989,7.229108277740496,27.592975587165764,44.35294117647059,61.147695202257765,44.73,Fair (30-50)
91104,STANDARD,Pasadena,CA,Los Angeles County,27268,3644.7,4.3255009209130995,103052.0,51.3,1022600.0,81.76245709196081,8.552695002714536,37.259700141561815,60.35294117647059,57.46707431796801,49.44,Fair (30-50)
91105,STANDARD,Pasadena,CA,Los Angeles County,9563,1154.5,2.010516548097742,156835.0,73.3,1615700.0,94.22305174984739,3.9753395382841705,65.56311604384733,86.23529411764706,22.595249294449673,57.2,Good (50-70)
91106,STANDARD,Pasadena,CA,Los Angeles County,17783,3299.5,4.543791614838662,89213.0,63.2,966700.0,83.48978713609479,8.98431523843099,29.976897533456476,74.3529411764706,60.75376293508937,52.1,Good (50-70)
91107,STANDARD,Pasadena,CA,Los Angeles County,26912,1503.8,2.6367299942429474,124880.0,58.9,1106600.0,92.47520590854958,5.213534306798554,48.746730658920235,69.29411764705881,52.52822201317027,54.67,Good (50-70)
91108,STANDARD,San Marino,CA,Los Angeles County,12520,1270.1,5.006765899864682,186023.0,80.2,2000000.0,93.6446063468871,9.899741665641528,80.92336190882156,94.3529411764706,0.0,59.35,Good (50-70)
91201,STANDARD,Glendale,CA,Los Angeles County,17448,3606.6,2.5081465389552684,74980.0,34.4,1060500.0,81.9531038899953,4.959289747479734,22.48675160375323,40.470588235294116,55.23871119473189,39.82,Fair (30-50)
91202,STANDARD,Glendale,CA,Los Angeles County,17687,1746.2,2.656158785755984,92343.0,48.6,1094500.0,91.26227194940104,5.251950326381149,31.624066560363744,57.1764705882353,53.23965192850423,47.33,Fair (30-50)
91203,STANDARD,Glendale,CA,Los Angeles County,10833,7249.0,1.8031189083820662,77925.0,45.8,661300.0,63.72706984377971,3.5652578415736302,24.03656399488483,53.88235294117647,78.71001881467545,45.32,Fair (30-50)
91204,STANDARD,Glendale,CA,Los Angeles County,11153,6968.8,2.627864046041916,72906.0,35.9,747400.0,65.1291494450727,5.196003909219242,21.395304778895184,42.23529411764706,73.64769520225776,41.19,Fair (30-50)
91205,STANDARD,Glendale,CA,Los Angeles County,27150,7107.9,4.382849169098059,59005.0,39.1,763100.0,64.43311349739298,8.666088129807525,14.079874541502871,46.0,72.72460018814675,40.53,Fair (30-50)
91206,STANDARD,Glendale,CA,Los Angeles County,25063,2165.8,1.1912640635340834,86684.0,46.5,1094100.0,89.16265524453829,2.3554539438060282,28.646006009798814,54.70588235294118,53.26317027281279,45.22,Fair (30-50)
91207,STANDARD,Glendale,CA,Los Angeles County,8398,2579.1,0.8313057583130575,108196.0,51.1,1246300.0,87.0945628133663,1.6437182039371816,39.96674086821069,60.11764705882353,44.31444026340545,47.19,Fair (30-50)
91208,STANDARD,Glendale,CA,Los Angeles County,13555,808.0,0.2140181915462814,131229.0,62.0,1276300.0,95.95688680283818,0.42317233328469267,52.087905148324154,72.94117647058823,42.55056444026341,54.22,Good (50-70)
91214,STANDARD,La Crescenta,CA,Los Angeles County,25651,1682.0,0.49368088467614535,131716.0,59.2,1088200.0,91.58351930986859,0.9761417492460145,52.34418991385253,69.64705882352942,53.61006585136406,55.1,Good (50-70)
91301,STANDARD,Agoura Hills,CA,Los Angeles County,22555,285.4,0.12213207711768298,166912.0,65.7,1096600.0,98.57190036327972,0.24148842520996405,70.86615830715229,77.29411764705883,53.11618062088429,62.49,Good (50-70)
91302,STANDARD,Calabasas,CA,Los Angeles County,22015,368.6,0.42977479800584495,167470.0,70.9,1674900.0,98.15557979644326,0.8497819869661024,71.15980697073512,83.41176470588236,19.114534336782697,57.32,Good (50-70)
91303,STANDARD,Canoga Park,CA,Los Angeles County,17718,5388.2,6.978862973760933,76051.0,24.7,645300.0,73.03823944437217,13.799115425390934,23.050367587081563,29.058823529411764,79.65075258701788,41.98,Fair (30-50)
91304,STANDARD,Canoga Park,CA,Los Angeles County,37168,2136.2,3.6724324728210114,82289.0,33.6,847600.0,89.31076929235512,7.261400571259726,26.333128095020076,39.529411764705884,67.75634995296332,44.5,Fair (30-50)
91306,STANDARD,Winnetka,CA,Los Angeles County,34013,4474.1,3.4296789416027638,88958.0,30.9,719900.0,77.61226144130981,6.781410634532737,29.842703251711633,36.35294117647059,75.2645813734713,44.26,Fair (30-50)
91307,STANDARD,West Hills,CA,Los Angeles County,20778,1224.8,0.7165401347777872,136154.0,51.0,907000.0,93.87128088628243,1.4167952664924428,54.67969666829805,60.0,64.26387582314206,55.82,Good (50-70)
91311,STANDARD,Chatsworth,CA,Los Angeles County,29782,480.9,0.6643859388169964,117574.0,44.9,837300.0,97.59364710827337,1.3136721972063334,44.90193292390921,52.8235294117647,68.36194731890875,52.94,Good (50-70)
91316,STANDARD,Encino,CA,Los Angeles County,21973,2069.1,1.4649409756791352,90802.0,57.7,909700.0,89.64652782642635,2.8965878382746535,30.813112096956687,67.88235294117648,64.10512699905927,51.38,Good (50-70)
91321,STANDARD,Newhall,CA,Los Angeles County,24843,473.1,3.6736437419906025,93281.0,31.3,654300.0,97.63267716141429,7.263795580754145,32.117691016350655,36.8235294117647,79.12158984007526,48.79,Fair (30-50)
91324,STANDARD,Northridge,CA,Los Angeles County,20401,2676.1,3.3205531973161713,99834.0,38.1,869200.0,86.6091890755882,6.56563927651152,35.56622093115044,44.82352941176471,66.48635936030104,47.37,Fair (30-50)
91325,STANDARD,Northridge,CA,Los Angeles County,24201,2815.4,1.844559585492228,92602.0,42.5,900200.0,85.91215235731514,3.6471973622232685,31.760365850449684,50.0,64.66368767638758,46.81,Fair (30-50)
91326,STANDARD,Porter Ranch,CA,Los Angeles County,28058,1767.0,0.27776234653630355,148636.0,56.3,1011100.0,91.15819180769192,0.5492119124695092,61.24837519668672,66.23529411764706,58.14322671683914,57.26,Good (50-70)
91331,STANDARD,Pacoima,CA,Los Angeles County,72872,4083.0,2.9373485324477153,82025.0,11.2,609300.0,79.56926833661919,5.807939143703436,26.19419754450777,13.176470588235292,81.76740357478833,39.0,Fair (30-50)
91335,STANDARD,Reseda,CA,Los Angeles County,54011,4398.4,3.3149621263540845,77164.0,29.7,700400.0,77.9910531108954,6.554584204381938,23.6360861579914,34.94117647058824,76.41110065851365,42.61,Fair (30-50)
91340,STANDARD,San Fernando,CA,Los Angeles County,25093,3798.0,2.5179631365198376,79124.0,14.1,624900.0,80.99536643215276,4.978699838118769,24.667540245128222,16.588235294117645,80.85018814675448,39.38,Fair (30-50)
91342,STANDARD,Sylmar,CA,Los Angeles County,66238,794.5,1.4943326393708074,95480.0,20.1,641100.0,96.02443881788977,2.9547031733013687,33.27491935186793,23.647058823529413,79.89769520225776,45.06,Fair (30-50)
91343,STANDARD,North Hills,CA,Los Angeles County,41190,4015.9,5.989123525672717,81719.0,26.4,751000.0,79.90502687069042,11.842130607580144,26.03316440641396,31.05882352941176,73.43603010348072,42.72,Fair (30-50)
91344,STANDARD,Granada Hills,CA,Los Angeles County,41602,1421.6,2.158837612482457,116647.0,37.4,872000.0,92.88652262241926,4.26861073377213,44.414097240860315,44.0,66.3217309501411,49.94,Fair (30-50)
91345,STANDARD,Mission Hills,CA,Los Angeles County,14142,2175.9,2.4945396022531328,96345.0,21.4,654100.0,89.11211632957377,4.932385122636875,33.730127405629844,25.176470588235293,79.13334901222954,44.66,Fair (30-50)
91350,STANDARD,Santa Clarita,CA,Los Angeles County,27783,1061.6,2.03149300155521,135612.0,40.7,733000.0,94.68790969046165,4.016815707620528,54.3944680380796,47.88235294117648,74.49435559736594,55.27,Good (50-70)
91351,STANDARD,Canyon Country,CA,Los Angeles County,25962,1491.5,2.098903836571998,112888.0,24.8,589400.0,92.53675330004103,4.150105313221904,42.43591565231577,29.176470588235293,82.93744120413923,48.99,Fair (30-50)
91352,STANDARD,Sun Valley,CA,Los Angeles County,35055,1536.1,3.4246575342465753,74621.0,17.5,700100.0,92.31358145772245,6.771481942714819,22.297827105139902,20.588235294117645,76.42873941674506,40.87,Fair (30-50)
91354,STANDARD,Valencia,CA,Los Angeles County,22704,1742.0,0.9534354431937012,148818.0,53.9,803000.0,91.28328813186153,1.8852018990420907,61.34415307620657,63.411764705882355,70.37864534336782,59.24,Good (50-70)
91355,STANDARD,Valencia,CA,Los Angeles County,26548,844.7,1.9772541440570877,109348.0,49.5,744300.0,95.7732453989572,3.909570693931059,40.57298327044621,58.235294117647065,73.8299623706491,54.42,Good (50-70)
91356,STANDARD,Tarzana,CA,Los Angeles County,23015,1622.1,2.6223321186881834,110094.0,55.5,1177200.0,91.88325010257898,5.185065780133453,40.96556732606053,65.29411764705883,48.377234242709314,50.8,Good (50-70)
91364,STANDARD,Woodland Hills,CA,Los Angeles County,21888,1467.8,1.3569858236676522,134534.0,55.1,1162000.0,92.65534461535383,2.6831310604337664,53.82716829015435,64.8235294117647,49.27093132643462,53.82,Good (50-70)
91367,STANDARD,Woodland Hills,CA,Los Angeles County,31168,2342.5,1.3967468175388968,109629.0,57.9,1005900.0,88.27847442530748,2.7617493892246365,40.720860106408175,68.11764705882352,58.44896519285042,52.56,Good (50-70)
91381,STANDARD,Stevenson Ranch,CA,Los Angeles County,15678,213.5,0.6999784622011631,146706.0,53.6,1029300.0,98.93167739159152,1.3840483229886633,60.23270867210812,63.05882352941177,57.073142050799625,57.28,Good (50-70)
91384,STANDARD,Castaic,CA,Los Angeles County,18686,101.7,0.5216913783635365,129603.0,31.7,693600.0,99.49110815327802,1.031526134491538,51.23221925766881,37.29411764705882,76.81091251175917,52.57,Good (50-70)
91387,STANDARD,Canyon Country,CA,Los Angeles County,30434,334.5,1.3553463410196935,114378.0,33.8,695000.0,98.3262111826106,2.679889356107121,43.22003125937386,39.764705882352935,76.7285983066792,51.24,Good (50-70)
91390,STANDARD,Santa Clarita,CA,Los Angeles County,15765,45.7,0.43013252731922813,143963.0,41.1,843200.0,99.77132391941795,0.850489315381201,58.789199202201836,48.35294117647059,68.01505174035748,55.48,Good (50-70)
91401,STANDARD,Van Nuys,CA,Los Angeles County,28864,4256.2,6.477178220243627,75933.0,38.8,988500.0,78.70260100277213,12.807147844572626,22.988269841019246,45.647058823529406,59.47201317027282,42.78,Fair (30-50)
91402,STANDARD,Panorama City,CA,Los Angeles County,45198,6912.6,7.797092288242731,56369.0,18.8,586500.0,65.41036598180598,15.416977933570852,12.692674044720903,22.11764705882353,83.1079492003763,37.45,Fair (30-50)
91403,STANDARD,Sherman Oaks,CA,Los Angeles County,19914,2751.8,1.9495569188820723,114348.0,68.2,1467900.0,86.23039740600262,3.85480572597137,43.204243696815645,80.23529411764706,31.28527751646284,50.63,Good (50-70)
91405,STANDARD,Van Nuys,CA,Los Angeles County,34500,6236.0,7.438197330999781,61207.0,25.8,698100.0,68.79597289913232,14.707344722658656,15.238681633275972,30.352941176470587,76.54633113828787,39.23,Fair (30-50)
91406,STANDARD,Van Nuys,CA,Los Angeles County,37193,2523.1,4.886137519345567,76653.0,28.7,765000.0,87.37477857950621,9.661226458706007,23.367171342416444,33.76470588235294,72.61288805268109,43.36,Fair (30-50)
91411,STANDARD,Van Nuys,CA,Los Angeles County,15715,4653.0,6.652621343489182,77582.0,36.9,973300.0,76.71707214555207,13.154046747353606,23.856059529635885,43.41176470588235,60.36571025399812,42.37,Fair (30-50)
91423,STANDARD,Sherman Oaks,CA,Los Angeles County,24736,3092.5,1.289623408290436,112119.0,62.9,1323500.0,84.52558470021917,2.5499371936651802,42.03122779874015,74.0,39.77539981185324,50.02,Good (50-70)
91436,STANDARD,Encino,CA,Los Angeles County,15771,1214.7,0.687335478210003,174803.0,70.8,1894600.0,93.92181980124695,1.3590496955515965,75.01881351204854,83.29411764705881,6.197083725305745,55.11,Good (50-70)
91501,STANDARD,Burbank,CA,Los Angeles County,16002,2737.6,0.7380899127711922,85419.0,43.9,1011600.0,86.30145211813095,1.4594050547975843,27.980297121927343,51.64705882352941,58.11382878645344,44.69,Fair (30-50)
91502,STANDARD,Burbank,CA,Los Angeles County,8245,3372.3,3.348104382077794,61443.0,42.6,946600.0,83.12550664011289,6.620115482744728,15.362877125400608,50.117647058823536,61.93555973659454,42.22,Fair (30-50)
91504,STANDARD,Burbank,CA,Los Angeles County,20413,1129.7,2.6559165283376807,103164.0,45.5,1046200.0,94.34714730342364,5.251471317394959,37.31864037511249,53.529411764705884,56.07949200376294,48.87,Fair (30-50)
91505,STANDARD,Burbank,CA,Los Angeles County,25892,2296.5,1.2108610567514677,106364.0,46.9,992300.0,88.50865166177957,2.3942025440313106,39.00264704798892,55.17647058823529,59.248588899341485,49.03,Fair (30-50)
91506,STANDARD,Burbank,CA,Los Angeles County,15393,2991.1,0.7151954541001273,107171.0,47.1,1055600.0,85.03297539105111,1.4141364660616151,39.42733248080496,55.41176470588235,55.526810912511756,47.78,Fair (30-50)
91601,STANDARD,North Hollywood,CA,Los Angeles County,25821,5423.1,5.015659752167401,77540.0,50.7,961700.0,72.86360497583138,9.917327237240087,23.83395694205438,59.64705882352942,61.04774223894638,45.5,Fair (30-50)
91602,STANDARD,North Hollywood,CA,Los Angeles County,13969,3739.5,2.1002655508167702,97994.0,55.0,1104400.0,81.28809183070965,4.152797793660431,34.59791709424649,64.70588235294117,52.65757290686736,48.17,Fair (30-50)
91604,STANDARD,Studio City,CA,Los Angeles County,23076,2616.0,1.922750664480009,141317.0,64.7,1698900.0,86.90992063889195,3.8018024502218353,57.39673618456713,76.11764705882354,17.70343367826905,50.53,Good (50-70)
91605,STANDARD,North Hollywood,CA,Los Angeles County,39700,3745.0,6.491673722833758,64539.0,21.7,729900.0,81.26057063939233,12.8358094065122,16.992153581408566,25.529411764705884,74.67662276575729,39.68,Fair (30-50)
91606,STANDARD,North Hollywood,CA,Los Angeles County,32275,5010.6,6.715348708231271,66884.0,27.0,801300.0,74.92769432462995,13.278075854911828,18.226214721375833,31.76470588235294,70.4785983066792,39.82,Fair (30-50)
91607,STANDARD,Valley Village,CA,Los Angeles County,21208,4837.2,2.494510856306416,84925.0,51.7,1019300.0,75.79536242907038,4.932328284060413,27.720328591802044,60.82352941176471,57.66110065851364,45.78,Fair (30-50)
91702,STANDARD,Azusa,CA,Los Angeles County,42119,366.7,3.137151519145851,87577.0,24.2,604600.0,98.16508711708015,6.203004140129295,29.115949121948397,28.470588235294116,82.04374412041392,46.46,Fair (30-50)
91706,STANDARD,Baldwin Park,CA,Los Angeles County,57507,2043.8,2.9048321652526745,79473.0,14.4,589900.0,89.773125306486,5.743645417658697,24.85120222288881,16.941176470588236,82.90804327375352,41.36,Fair (30-50)
91711,STANDARD,Claremont,CA,Los Angeles County,27155,970.4,1.5297770251199547,121970.0,59.3,870300.0,95.1442610810324,3.024786390578092,47.215337090773225,69.76470588235294,66.4216839134525,57.25,Good (50-70)
91722,STANDARD,Covina,CA,Los Angeles County,28046,3190.8,1.5184258416742493,98033.0,22.7,626100.0,84.03370595358426,3.002342005128629,34.618440925572166,26.705882352941174,80.7796331138288,44.54,Fair (30-50)
91723,STANDARD,Covina,CA,Los Angeles County,13780,3012.0,2.086330935251799,87363.0,24.9,663800.0,84.92839486404532,4.125245258338783,29.00333117569978,29.29411764705882,78.56302916274694,43.65,Fair (30-50)
91724,STANDARD,Covina,CA,Los Angeles County,20668,1740.7,1.6863284359846564,102129.0,35.5,722600.0,91.28979314071836,3.3343312256969333,36.77396946685401,41.76470588235294,75.10583254938852,48.85,Fair (30-50)
91731,STANDARD,El Monte,CA,Los Angeles County,20017,2860.8,4.34094317613731,60887.0,15.2,614000.0,85.68497743262311,8.583228552816953,15.070280965988328,17.882352941176467,81.49106302916275,38.68,Fair (30-50)
91732,STANDARD,El Monte,CA,Los Angeles County,43596,4937.7,3.7566947207345067,67172.0,15.3,628400.0,75.29247520590854,7.428010015997774,18.377775321934713,18.000000000000004,80.64440263405456,37.63,Fair (30-50)
91733,STANDARD,South El Monte,CA,Los Angeles County,31052,2387.3,3.0820423303512983,67245.0,11.3,601600.0,88.05430181239555,6.094038244103703,18.416191724159706,13.294117647058826,82.22013170272812,38.49,Fair (30-50)
91740,STANDARD,Glendora,CA,Los Angeles County,20434,2016.3,2.77683711479851,98819.0,31.0,702000.0,89.91073126307256,5.49056429516978,35.03207506459744,36.470588235294116,76.3170272812794,47.45,Fair (30-50)
91741,STANDARD,Glendora,CA,Los Angeles County,21524,496.0,2.6660164187596522,127063.0,47.3,923700.0,97.51808892847492,5.271441555274766,49.895538961073136,55.647058823529406,63.28198494825965,54.46,Good (50-70)
91744,STANDARD,La Puente,CA,Los Angeles County,63301,3476.1,2.403793742505178,92624.0,13.2,585900.0,82.60610670216066,4.7529558090443285,31.771943396325707,15.52941176470588,83.14322671683914,41.56,Fair (30-50)
91745,STANDARD,Hacienda Heights,CA,Los Angeles County,44875,1639.7,2.6807760141093473,106611.0,36.0,778700.0,91.79518229036358,5.300625300625299,39.13263131305158,42.35294117647059,71.80738476011288,49.3,Fair (30-50)
91746,STANDARD,La Puente,CA,Los Angeles County,23468,1878.0,2.204455483971125,84967.0,16.4,603400.0,90.60276412837885,4.358809706942905,27.742431179383548,19.294117647058822,82.1142991533396,42.43,Fair (30-50)
91748,STANDARD,Rowland Heights,CA,Los Angeles County,37487,1174.9,2.045151410364076,83455.0,35.0,781500.0,94.12097314932498,4.043822106856241,26.94673802644943,41.17647058823529,71.64275634995296,46.08,Fair (30-50)
91750,STANDARD,La Verne,CA,Los Angeles County,27750,692.9,0.7073565076798707,104827.0,41.4,789100.0,96.53283027931508,1.3986367310942895,38.19379759292296,48.705882352941174,71.19590780809031,50.65,Good (50-70)
91754,STANDARD,Monterey Park,CA,Los Angeles County,28166,2834.2,2.7586206896551726,81890.0,37.5,845000.0,85.81807992153959,5.454545454545454,26.123153512995795,44.11764705882353,67.90921919096895,44.83,Fair (30-50)
91755,STANDARD,Monterey Park,CA,Los Angeles County,21491,3237.0,2.983497276644175,74362.0,31.7,761900.0,83.80252794651882,5.899187797000981,22.161527815053965,37.29411764705882,72.79515522107243,42.88,Fair (30-50)
91765,STANDARD,Diamond Bar,CA,Los Angeles County,41453,930.9,1.384938214035906,104737.0,53.3,878900.0,95.34191327322038,2.7384005595709953,38.14643490524831,62.70588235294118,65.91603951081844,53.11,Good (50-70)
91766,STANDARD,Pomona,CA,Los Angeles County,49778,2625.6,1.1840237449993547,77699.0,19.9,568300.0,86.86188365041082,2.3411378594305416,23.91763102361293,23.41176470588235,84.1780338664158,42.05,Fair (30-50)
91767,STANDARD,Pomona,CA,Los Angeles County,33720,3416.9,1.5886536905319648,80201.0,21.4,585100.0,82.9023347977943,3.1412016153700204,25.2343137409682,25.176470588235293,83.19026340545625,42.15,Fair (30-50)
91768,STANDARD,Pomona,CA,Los Angeles County,22349,1644.3,3.489040833280082,76313.0,14.1,536500.0,91.77216456671637,6.898785283985616,23.18824563342332,16.588235294117645,86.04774223894638,41.95,Fair (30-50)
91770,STANDARD,Rosemead,CA,Los Angeles County,49163,3485.2,1.667650531286895,73757.0,23.1,712700.0,82.56057164016292,3.297399914135451,21.843145303463267,27.176470588235297,75.6879115710254,40.27,Fair (30-50)
91773,STANDARD,San Dimas,CA,Los Angeles County,28256,874.4,0.7954901346695898,105926.0,40.4,754700.0,95.62463096584369,1.5729009480966887,38.77214863463897,47.529411764705884,73.21848541862653,50.8,Good (50-70)
91775,STANDARD,San Gabriel,CA,Los Angeles County,19902,2961.9,3.000634575287825,113703.0,51.7,1042600.0,85.17908789768121,5.933072910228199,42.86481110181399,60.82352941176471,56.29115710253998,50.85,Good (50-70)
91776,STANDARD,San Gabriel,CA,Los Angeles County,30178,4365.0,2.318004593280991,79926.0,29.3,816400.0,78.15818179998598,4.583327263987414,25.08959441751788,34.470588235294116,69.59078080903105,41.22,Fair (30-50)
91780,STANDARD,Temple City,CA,Los Angeles County,29368,3527.9,3.807506053268765,101746.0,42.6,922900.0,82.34690711848123,7.528477878054147,36.57241491819411,50.117647058823536,63.32902163687677,47.82,Fair (30-50)
91789,STANDARD,Walnut,CA,Los Angeles County,37363,996.0,1.9716804702110606,125742.0,53.2,936800.0,95.01616244508271,3.8985500206445964,49.200359956426325,62.58823529411765,62.51175917215428,55.29,Good (50-70)
91790,STANDARD,West Covina,CA,Los Angeles County,33820,3004.8,1.5981073773657781,100142.0,23.4,695700.0,84.96442260540616,3.1598941325186973,35.7283065734148,27.52941176470588,76.68744120413923,44.37,Fair (30-50)
91791,STANDARD,West Covina,CA,Los Angeles County,25715,1936.9,1.871708647928431,100365.0,34.3,782500.0,90.30803718863525,3.7008784629493974,35.84566078843087,40.35294117647059,71.58396048918156,47.47,Fair (30-50)
91792,STANDARD,West Covina,CA,Los Angeles County,23683,3107.7,2.6040986816342513,96383.0,33.5,653800.0,84.44952613512405,5.149013302322269,33.75012498487025,39.411764705882355,79.15098777046096,47.56,Fair (30-50)
91801,STANDARD,Alhambra,CA,Los Angeles County,41211,4797.7,2.186723990956599,85549.0,40.6,797000.0,75.99301462125837,4.323749709391457,28.04870989301295,47.76470588235294,70.73142050799623,45.15,Fair (30-50)
91803,STANDARD,Alhambra,CA,Los Angeles County,24399,3293.0,3.386454183266932,84537.0,36.6,831800.0,83.52231218037889,6.695943498732341,27.516142782715775,43.05882352941177,68.68532455315146,44.91,Fair (30-50)
93243,STANDARD,Lebec,CA,Los Angeles County,1151,0.0,0.0,34737.0,40.5,348800.0,100.0,0.0,1.3087889360761593,47.647058823529406,97.08372530573848,46.66,Fair (30-50)
93510,STANDARD,Acton,CA,Los Angeles County,6716,36.5,2.10301737275221,118462.0,29.9,713000.0,99.81735936671237,4.158238896123687,45.369244775632424,35.17647058823529,75.67027281279398,50.87,Good (50-70)
93532,STANDARD,Lake Hughes,CA,Los Angeles County,2088,8.7,3.5304501323918798,99432.0,23.1,410000.0,99.95646647918898,6.980662761774852,35.354667592870335,27.176470588235297,93.4854186265287,50.37,Good (50-70)
93534,STANDARD,Lancaster,CA,Los Angeles County,24548,861.3,1.316041653357184,58891.0,17.5,339900.0,95.69018143970858,2.602173269138068,14.019881803781647,20.588235294117645,97.60700846660396,42.92,Fair (30-50)
93535,STANDARD,Lancaster,CA,Los Angeles County,45851,130.0,1.750923899393635,65989.0,14.2,336200.0,99.34949911431802,3.4620540738010503,17.7552191050557,16.705882352941178,97.82455315145813,43.6,Fair (30-50)
93536,STANDARD,Lancaster,CA,Los Angeles County,48248,109.3,0.8756626182647789,102927.0,26.5,484900.0,99.45307887073047,1.731423813387176,37.19391863090257,31.176470588235293,89.08160865475071,50.09,Good (50-70)
93543,STANDARD,Littlerock,CA,Los Angeles County,9046,69.7,0.0,69375.0,9.0,354100.0,99.65123144821513,0.0,19.537108665793088,10.588235294117647,96.77210724365004,41.83,Fair (30-50)
93544,STANDARD,Llano,CA,Los Angeles County,767,4.0,0.0,87069.0,13.3,340000.0,99.97998458813287,0.0,28.84861306262926,15.647058823529413,97.60112888052682,45.64,Fair (30-50)
93550,STANDARD,Palmdale,CA,Los Angeles County,48104,119.0,1.8502677185311918,63811.0,10.0,378700.0,99.40454149695266,3.6584838980048557,16.609042063329177,11.76470588235294,95.32572906867357,41.62,Fair (30-50)
93551,STANDARD,Palmdale,CA,Los Angeles County,39678,250.4,1.001787421540508,110850.0,30.1,548800.0,98.74703521711719,1.9808069471369132,41.36341390252759,35.411764705882355,85.32455315145813,51.37,Good (50-70)
93552,STANDARD,Palmdale,CA,Los Angeles County,26212,441.0,0.6773262269598046,84894.0,11.9,414600.0,97.79330084164806,1.339258676034159,27.70401477715855,14.000000000000002,93.21495766698024,43.94,Fair (30-50)
93553,STANDARD,Pearblossom,CA,Los Angeles County,1419,9.1,1.0309278350515463,73029.0,25.1,368600.0,99.95446493800226,2.0384254920337392,21.460033785383875,29.52941176470588,95.91956726246472,47.23,Fair (30-50)
93591,STANDARD,Palmdale,CA,Los Angeles County,4371,39.1,0.0,60903.0,9.9,299200.0,99.80434934899873,0.0,15.078700999352709,11.647058823529411,100.0,41.65,Fair (30-50)
